"Pertanyaan","Jawaban Benar","Jawaban Salah 1","Jawaban Salah 2","Jawaban Salah 3","Jawaban Salah 4"
"Database Integrity dapat dievaluasi dengan menguji berbagai jenis integrity diantaranya","Domain Integrity, Entity Integrity, Referential Integrity","Domain Integrity, Referential Integrity, Functional Integrity","Entity Integrity, Functional Integrity, Domain Integrity","Referential Integrity, Functional Integrity, Domain Integrity",""
"Berikut yang tidak termasuk karakteristik dari arsitektur data modern adalah …","stateful","Cloud-native","seamless data integration","Real-time data enablement","scalable"
"Berikut adalah tools yang digunakan dalam penyusunan arsitektur data, kecuali …","metadata tracking tools","data modelling tools","asset management softwares","graphical design applications","model repositories"
"Manakah dari berikut ini merupakan metric yang digunakan untuk mengukur performance data arsitektur?","Architecture standard compliance rate","DMMA ratings","return on investment","Subject Area Coverage Percentages","Aggregated transaction statistics"
"Manakah yang bukan merupakan domain dari data architecture?","Enterprise Inventory Architecture","Enterprise Business Architecture","Enterprise Data Architecture","Enterprise Applications Architecture","Enterprise Technology
Architecture"
"Apakah yang dimaksud dengan ‘how’ pada Zachmann Framework yang digunakan dalam merancang arsitektur data?","aktivitas yang dilakukan","entitas yang digunakan","lokasi bisnis dan teknologi","goals dan strategi","jadwal, siklus, dan interval"
"Hal-hal berikut adalah potensi resiko yang dapat terjadi dalam implementasi arsitektur data, kecuali …","lemahnya keamanan sistem","Kurangnya dukungan manajemen","culture shock","adanya dominasi (one-dimensional view)","pemimpin proyek yang kurang berpengalaman"
"Sebuah enterprise data model (EDM) akan mencakup hal-hal berikut, kecuali …","storage requirements","key enterprise data entities","relationships between entities","critical guiding business rules","critical attributes"
"Manakah yang bukan merupakan level representasi dari enterprise data model (EDM)?","conceptual attribute model","subject area model","conceptual data model","conceptual entity model","business process – entity mapping"
"Output yang dapat dihasilkan dari perancangan data model instansi level pertama adalah ...","Enterprise Subject Area Model (ESAM)","Enterprise Data Object Model (EDOM)","Enterprise Conceptual Model (ECM)","Enterprise Conceptual Entity Model (ECEM)","Enterprise Subject Area Relation Diagram (ESARD)"
"Enterprise Conceptual Entity Model (ECEM) terdiri atas komponen berikut, kecuali …","subject areas","Entity Concepts","Primary Keys and Significant Attributes","Relationships","Name and definition"
"Berikut ini yang merupakan urutan hirarki EDM yang benar adalah …","subject area model – conceptual data model – enterprise logical data model","conceptual data model – enterprise logical data model - subject area model","conceptual data model – subject area model – enterprise logical data model","subject area model – enterprise logical data model - conceptual data model","enterprise logical data model – subject area model – conceptual data model"
"Pembangungan model data instansi (enterprise data model) dapat dilakukan melalui dua pendekatan, yakni …","Top-down dan bottom-up","integrated dan distributed","centralized dan decentralized","All-at-once dan gradually","waterfall dan agile"
"Berikut ini adalah tools yang dapat digunakan untuk membuat enterprise data model (EDM), kecuali …","ER Mapper Professional","PowerDesigner","ER/Studio","Oracle SQL Developer Data Modeler","IBM - InfoSphere Data Architect"
"Manakah dari komponen berikut yang tidak tercakup di dalam EDM?","data flow","entitas","atribut","relasi antar entitas","critical business rules"
"Analisis model data instansi melibatkan serangkaian kegiatan-kegiatan berikut, kecuali ...","Identifikasi perangkat TI","Menelaah tujuan bisnis suatu organisasi","Menelaah data yang dihasilkan dan digunakan oleh organisasi","Mengidentifikasi dan menganalisis aturan-aturan pada data yang
dihasilkan dan digunakan","Mereviu model data instansi sebelumnya (jika sudah ada)
terhadap kebutuhan saat ini"
"Berikut ini yang bukan merupakan dokumen hasil analisis model data instansi adalah …","Standard Operating Procedure (SOP)","Hasil telaah tujuan bisnis suatu organisasi","Hasil telaah data yang dihasilkan dan digunakan oleh organisasi","Hasil identifikasi dan analisis aturan-aturan pada data yang
dihasilkan dan digunakan","Hasil review model data instansi sebelumnya (jika sudah ada)
terhadap kebutuhan saat ini."
"Model data instansi yang baik memiliki karakteristik berikut, kecuali …","complexity","accuracy","clarity","conciseness","consistency"
"Seorang pranata komputer yang sedang menganalisis suatu model data instansi ingin mengidentifikasi hubungan serta overlaps yang terjadi antar konsep pada subject areas. Untuk melaksanakan ini, si pranata komputer memerlukan alat bantu berupa dokumen …","enterprise conceptual model (ECM)","Enterprise Subject Area Model (ESAM)","Enterprise Data Object Model (EDOM)","Enterprise Conceptual Entity Model (ECEM)","Enterprise Subject Area Relation Diagram (ESARD)"
"Saat sedang menganalisis model data instansi, seorang pranata komputer muda menemukan diagram sebagai berikut. Diagram ini merupakan …
[link gambar: https://drive.google.com/file/d/1oqkfpDQFDYLzwUqRYrT7BMw-Q3oaAt7g/view?usp=sharing]","Enterprise Subject Area Model (ESAM)","enterprise conceptual model (ECM)","Enterprise Data Object Model (EDOM)","Enterprise Conceptual Entity Model (ECEM)","Enterprise Subject Area Relation Diagram (ESARD)"
"Salah satu kegunaan dari Enterprise Conceptual Entity Model (ECEM) adalah …","menyediakan kerangka arsitektur data untuk desain data organisasi dan penyimpanan data selanjutnya, serta mendukung kualitas, skalabilitas, dan integrasi data","menyediakan struktur untuk mengorganisir sebuah EDM berdasarkan subjek bisnis","mengkonfirmasi ruang lingkup subject areas beserta hubungannya","memastikan bahwa semua objek data yang disediakan oleh aplikasi dalam perusahaan terwakili secara lengkap dan akurat.","memberikan kesempatan untuk mempelajari pekerjaan yang sedang dilakukan."
"Salah satu kegiatan dalam analisis model data instansi adalah mengecek hasil identifikasi subject areas, dimana subject areas harus memenuhi kriteria berikut, kecuali …","harus mencerminkan atribut dari entitas yang dikandungnya","menjelaskan fungsi bisnis yang menggunakannya","mewakili grup entitas yang dikandungnya","Entitas bersifat eksklusif untuk satu subject area (tidak ada duplikasi)","subject area harus diberikan nama yang merepresentasikan pengelompokan data bisnis utama"
"Untuk sosialisasi pengenalan data, Bekti ingin menyusun konsep dan definisi tentang data.  Konsep raw data adalah","data yang belum diolah dari proses pengumpulan data","data yang sudah divalidasi dan imputasi","data yang sudah dikelompokkan","data yang sudah diolah","data yang sudah sesuai format tertentu"
"Budi ingin membuat bahan sosialisasi tentang pengelolaan data kepada instansi pemerintah, manakah bahan yang sesuai/cocok terhadap sasaran objek","Bahan paparan","Leaflet","Poster","Tidak ada yang cocok","Pamflet"
"Bonary ingin menyusun bahan paparan tentang bagaimana data itu dikelola sehingga data tersebut akurat, up to date, aman, dan tersedia bagi pemakai. Kegiatan pengelolaan yang bertujuan untuk meyakinkan konsistensi dan akurasinya berdasarkan aturan tertentu disebut.","validasi data","pemeliharaan data","penyimpanan data","keamanan data","pengumpulan data"
"Semakin berkembangnya teknologi, sumber data tidak terbatas pada sensus atau survey tetapi bisa big data. Olehkarena itu, Boniya ingin menyusun konsep big data 3 v untuk bahan paparan sosialisasi. Manakah yang termasuk konsep 3v tersebut?","volume, variety, velocity","volume, value, velocity","volume, variety, value","value, variety, velocity","value, variety, view"
"Andi ingin meyusun bahan sosialisasi tentang komponen-komponen data. Istilah untuk data tentang  data  atau informasi tentang informasi disebut","metadata","skema data","raw data","deskripsi data","detail data"
"Beni ingin melakukan sosialisasi tentang bagaimana data bisa menjadi informasi melalui analisis data. Jika beni hanya ingin melihat gambaran umum data, analisis apa yang cocok.","analisis deskriptif","analisis regresi","analisis klasifikasi","analisis sentiment","analisis asosiasi"
"Pada suatu workshop tentang bagaimana proses pengumpulan data, pengolahan, hingga desiminasi. Ada pertanyaan peserta jika suatu instansi ingin melakukan desiminasi dari hasil survey yang telah dilakakukan, tetapi ada data yang bersifat sensitif/pribadi. Bagaimana solusi agar data tersebut tetap dapat dikonsumsi pihak lain","Membuat web portal publikasi yang berisi data agregat dan data dengan anonimasi berdasarkan permintaan dan proses aproval","Menyerahkan data tersebut kepada instansi statistik dan mempercayakan bagaimana data tersebut dipublikasikan","Menyebarkan data tersebut melalui email hanya kepada instansi yang bisa dipercaya","Membuat web portal publikasi yang berisi sebagian data  dan adanya proses pengajuan permintaan dahulu untuk mendapatkan semua raw data ","Data tersebut disimpan hanya untuk konsumsi internal saja untuk menghindari penyalahgunaan data"
"Dalam pengelolaan data tidak terlepas pada kegiatan pengumpulan data untuk mendapatkan data yang aktual. Citra ingin memaparkan jenis jenis pengumpulan data. Jika ingin mendapatkan data-data yang sudah ada di beberapa instansi pemerintah, manakah pendekatan paling sesuai","Integrasi data administratif","Survei","sensus","scrapping data","crawling data"
"Sulastri ingin knowledge sharing tentang pengolahan data yang siap untuk dianalisis. Kegiatan pengolahan data yang bertujuan untuk mendapatkan data dari proses agregasi berdasarkan kategori-kategori disebut","Tabulasi","Integrasi","Derivasi","Imputasi","Manipulasi"
"Budi ingin berbagi ilmu bagaimana mengkomunikasi data secara visual untuk melihat trend data dari waktu ke waktu. Jenis chart apa yang paling sesuai","line chart","bar chart","radar chart","pie chart","donat chart"
"Business intelligence (BI) adalah kategori luas dari program aplikasi yang mencakup : 1) Decision support; 2) Data mining; 3) OLAP; 4) CMS","poin 1, 2,dan 3","hanya poin 1","poin 1 dan 2","poin 3 dan 4","poin 1, 2, 3, dan 4"
"Pernyataan yang benar tentang BI adalah","Intelijen bisnis melengkapi perusahaan untuk mendapatkan keuntungan bisnis dari data","OLAP adalah istilah umum yang mengacu pada bermacam-macam aplikasi perangkat lunak untuk menganalisis data mentah organisasi untuk pengambilan keputusan yang cerdas","BI membuat organisasi gesit sehingga memberikan keuntungan lebih rendah dalam kondisi pasar yang berkembang saat ini","cakupan BI hanya mengumpulkan dan menyediakan akses dari berbagai data","Tidak ada yang benar"
"BI dapat menjadi katalisator kesuksesan bisnis dalam hal 1. Membedakan produk dan layanan yang mendorong pendapatan 2. Mengetahui identitas pelanggan 3. Beri peringkat pelanggan dan lokasi berdasarkan profitabilitas ","Poin 1 dan 3","Hanya poin 1","Poin 2 dan 3","Poin 1, 2, dan 3","Tidak ada yang benar"
"Yang mana pernyatan dari area dipengaruhi oleh BI","CRM","Revenue","Expenditure","Sales","SCM"
"Pernyataan mana yang salah","BI adalah kategori perangkat lunak basis data yang menyediakan antarmuka untuk membantu pengguna secara cepat dan interaktif meneliti hasil dalam berbagai dimensi data","Data adalah informasi faktual untuk analisis","OLAP adalah kategori perangkat lunak basis data yang menyediakan antarmuka untuk membantu pengguna secara cepat dan interaktif meneliti hasil dalam berbagai dimensi data","Manajemen hubungan pelanggan (CRM) mencakup semua aspek interaksi yang dimiliki perusahaan dengan pelanggannya","BI juga mencakup data mining"
"... adalah alat manajemen kinerja yang merekapitulasi kinerja organisasi dari beberapa sudut pandang dalam satu halaman.","Balanced Scorecard","Data Cube","Dashboard","Monitoring","Intitutional perfomance management"
"... adalah kategori aplikasi dan teknologi untuk menyajikan dan menganalisis data perusahaan dan eksternal.","Enterprise Information System (EIS)","Data Warehouse","Management Information System (MIS)","Decision Support System (DSS)","CRM"
"Level aktivitas pemodelan data yang termasuk dalam aktivitas requirement planning and analysis pada sistem informasi adalah","Conceptual data modelling and logical data modelling","Conceptual data modelling and natural data modelling","Conceptual data modelling and additional data modelling","Theoretical data modelling and conceptual data modelling","Theoretical data modelling and logical data modelling"
"Atribut, atau set dari atribut-atribut yang secara unik mengidentifikasi suatu tuple dalam relasi adalah pengertian dari","Superkey","Privatekey","Publickey","Foreignkey","Interkey"
"Berikut merupakan skema untuk merepresentasikan data, kecuali","Aspect-Oriented","Object-Oriented","Relasional","Dimensional","Fact-Based"
"Suatu kegiatan yang bertujuan untuk mengonfirmasi dan mendokumentasikan sebuah gambaran/pemahaman dari perspektif yang berbeda, yang akan mengarahkan pada aplikasi yang lebih sesuai dengan business requirements saat ini dan yang akan datang, serta menyusun dasar bagi inisiasi lain yang lebih luas seperti master data management dan program data governance, adalah","Data modeling","Data integration and interoperability","Data handling ethics","Data operations","Data security"
"Definisi tentang entity berkontribusi penting pada business value dari model data. Karakteristik penting yang harus ada pada definisi tentang entity adalah","Clarity, Accuracy, Completeness","Clarity, Accuracy, Stateless","Clarity, Depedency, Stateless","Redundancy, Accuracy, Stateless","Redundancy, Dependency, Stateless"
"Asosiasi diantara entitas-entitas serta menangkap interaksi high-level diantara entitas-entitas konseptual, interaksi diantara entitas-entitas logikal, dan interaksi diantara entitas-entitas physical, merupakan pengertian dari","Relationship","Domain","Tuple","Key","Cardinality"
"Pada model relasional, candidate key yang tidak dipilih sebagai primary key adalah","Alternate key","Foreign key","Super key","Related key","Inter key"
"Anggaran apa saja yang akan dihitung pada kegiatan penyusunan rencana pembiayaan TI?","Investasi TI dan anggaran rutin operasional TI","Investasi TI","layanan TI","Operasional TI","Layanan TI dan operasional TI"
"Salah satu dokumen keluaran rencana pembiayaan TI minimal memuat informasi tentang penjelasan/keterangan mengenai latar belakang, apa, mengapa, siapa, kapan, di mana, bagaimana, dan berapa perkiraan biayanya suatu kegiatan TI adalah?","Kerangka Acuan Kerja (KAK)","Analisis kebutuhan","Analisis dampak","Rencana Transformasi","Strategi TI"
"Apa tujuan dari kegiatan penyusunan rencana pembiayaan TI?","Memastikan investasi TI yang dikeluarkan sejalan dengan rencana transformasi TI organisasi.","Membantu proses audit TI","Menjamin belanja TI lebih hemat","memastikan investasi TI sejalan dengan perkembangan teknologi saat ini","Menjamin belanja TI lebih efisien"
"Hal-hal yang dapat menyebabkan perubahan pada rencana pembiayaan TI adalah:","Revisi rencana TI organisasi dan optimalisasi anggaran oleh pemerintah","Perkembangan teknologi","Penambahan jumlah pegawai","Pergantian pimpinan","Hasil audit TI tahun sebelumnya"
"Bagaimana hubungan antara rencana TI dengan rencana pembiayaan TI?","Rencana TI berisikan rencana pembangunan dan pengembangan TI pada suatu organisasi beserta perkiraan awal kebutuhan biaya TI yang akan data dasar dalam menyusun rencana pembiayaan TI","Rencana TI suatu organisasi  berisikan rencana seluruh pembangunan dan pengembangan TI pada suatu organisasi beserta rincian detail biaya yang diperlukan (rencana pembiayaan TI)","Rencana TI suatu organisasi  berisikan sebagian rencana pembangunan dan pengembangan TI pada suatu organisasi beserta rincian detail biaya yang diperlukan (rencana pembiayaan TI)","Rencana TI suatu organisasi  berisikan sebagian besar rencana pembangunan dan pengembangan TI pada suatu organisasi beserta rincian detail biaya yang diperlukan (rencana pembiayaan TI)","Rencana TI merupakan rencana pembiayaan TI berdasarkan rincian kegiatan TI yag telah disusun"
"Dari pernyataan-pernyataan berikut mana yang paling tepat?","Rencana pembiayaan TI disusun berdasarkan strategi TI dan rencana TI, perubahan pada salah satunya akan berdampak pada rencana pembiayaan TI yang telah disusun","Kerangka Acuan Kerja (KAK) hasil dari penyusunan rencana pembiayaan TI adalah KAK yang akan digunakan dalam pengadaan barang/jasa terkait","Rencana pembiayaan TI disusun oleh Pejabat Pembuat Komitmen organisasi","nilai dari setiap kegiatan pada Rencana pembiayaan TI akan menjadi Harga Perkiraan Sendiri (HPS) dalam proses pengadaan barang/jasa terkait.","Rencana pembiayaan TI mencakup area layanan TI dan operasional TI"
"Apa perbedaan rencana pembiayaan TI pada organisasi yang menganut sentralisasi TI dengan desentralisasi TI","Pada sentralisasi TI seluruh rencana pembiayaan TI disusun oleh unit TI organisasi, sedangkan pada desentralisasi TI setiap unit kerja dapat memiliki rencana pembiayaan sendiri","pada sentralisasi TI rencana pembiayaan TI disusun oleh seluruh unit kerja, sedangkan pada desentralisasi rencana pembiayaan TI disusun oleh unit TI organisasi","Baik sentralisasi maupun desentralisasi TI, rencana pembiayaan TI disusun oleh unit TI organisasi","Baik sentralisasi maupun desentralisasi TI, rencana pembiayaan TI disusun oleh masing-masing unit kerja","Baik sentralisasi maupun desentralisasi TI, rencana pembiayaan TI disusun oleh unit TI organisasi dan unit kerja lainnya"
"Apa saja faktor eksternal yang dapat mempengaruhi penyusunan rencana pembiayaan TI suatu organisasi?","Tren teknologi dan kebijakan pemerintah terkait investasi TI","Tren teknologi dan startup","kebijakan pemerintah terkait investasi TI dan layanan TI","Tren teknologi dan keuangan negara","kebijakan pemerintah terkait investasi TI dan keuangan negara"
"Mengapa diperlukan Strategi operasional rencana TI?","Agar rencana TI yang telah disusun dapat berjalan sesuai yang diinginkan dengan penggunaan sumber daya yang efektif dan efisien.","Agar rencana TI yang telah disusun dapat berjalan sesuai yang diinginkan dan sesuai dengan perkembangan zaman","Agar rencana TI yang telah disusun dapat berjalan sesuai yang diinginkan dan sesuai dengan perkembangan teknologi","Agar rencana TI yang telah disusun dapat berjalan sesuai yang diinginkan dan sesuai dengan keuangan negara","Agar rencana TI yang telah disusun dapat berjalan sesuai yang diinginkan dan sesuai dengan keinginan pimpinan"
"Setiap unit kerja pada suatu organisasi memiliki fungsi dan karakterisktik masing-masing. Agar setiap unit kerja dapat menyusun strategi operasional rencana TI yang selaras dengan visi misi dan tujuan maka kita perlu melakukan kajian terhadap apa saja?","visi, misi, strategi TI, tujuan TI, roadmap, rencana TI dan best practice terkait","strategi, tujuan, roadmap, rencana TI dan tren teknologi ","visi,misi, strategi, tren teknologi dan tujuan TI","visi,misi, strategi, tujuan, rencana TI, tren teknologi dan tujuan TI","strategi, tujuan, roadmap, rencana TI dan tren teknologi "
"Dalam menyusun strategi operasional rencana TI kita perlu menyusun strategi alternatifnya, mengapa demikian?","Karena dengan strategi alternatif kita dapat menyusun langkah-langkah untuk mengantisipasi adanya perubahan ataupun kejadian yang tidak dinginkan agar rencana TI tetap dapat terlaksana.","Karena strategi operasional yang telah disusun belum sepenuhnya sesuai dengan rencana TI organisasi","strategi alternatif menjadi opsi jika rencana operasional TI organisasi tidak disetujui pimpinan tinggi","strategi alternatif berfungsi sebagai opsi saat strategi awal tidak dapat dilaksanakan sesuai perencanaan yang telah disusun","strategi alternatif memberikan kita pilihan dalam menerapkan rencana TI organisasi sesuai dengan tren teknologi terkini."
"Salah satu poin penting dalam menyusun strategi operasional rencana TI adalah mengidentifikasi kemampuan spesifik organisasi, mengapa?","Karena strategi operasional rencana TI yang akan disusun harus visible untuk diterapkan dan sesuai dengan karakteristik organisasi","Agar strategi operasional rencana TI yang disusun sesuai dengan karakteristik organisasi dan tren teknologi terkini","Agar strategi operasional rencana TI disetujui oleh pimpinan organisasi dan dapat dilaksanakan","karena kemampuan suatu organisasi berbeda dengan organisasi lainnya","Agar strategi operasional rencana TI yang disusun menjadi efisien dalam penggunaan anggran."
"Saat menjalankan suatu rencana TI berdasarkan strategi operasional yang telah disusun terkadang kita menemukan kondisi dimana strategi yang telah disusun tidak dapat dilaksanakan, untuk mengantisipasi keadaan ini apa yang perlu kita siapkan?","Perlu disiapkan alternatif strategi dengan mempertimbangkan risiko-risiko yang mungkin muncul dalam pelaksanaan strategi tersebut","mempersiapkan seluruh sumber daya organisasi untuk memastikan seluruh strategi yang telah disusun dapat terlaksana","Melakukan perubahan terhadap strategi yang telah disusun saat menghadapi kondisi strategi tersebut tidak dapat dijalankan","membatalkan rencana TI tersebut karena tidak memungkinkan dilakukan untuk menghemat anggaran","membatalkan rencana TI tersebut karena tidak memungkinkan dilakukan untuk menghemat anggaran dan mengalihkan anggrana ke pos yang lain"
"Dalam menyusun strategi operasional rencana TI kita perlu melakukan identifikasi dan analisis terhadap visi, misi, tujuan, kebijakan dan kemampuan spesifik dari organisasi, menurut anda mengapa hal itu perlu dilakukan?","analisis tersebut perlu dilakukan agar strategi yang dibuat visible, efektif dan efisien dalam pemanfaatan sumber daya organisasi","agar strategi tersebut  selaras dengan visi dan misi organisasi serta mampu merealisasikan rencana TI organisasi","Analisis dilakukan agar strategi yang disusun dapat merealisasikan rencana TI dengan cepat","analisis dilakukan agar rencana TI dapat berjalan lancar dan tepat waktu","Analisis dilakukan untuk menjaga agar rencana TI berjalan sesuai perencanaan"
"Jika anda diminta menyusun strategi operasional rencana TI organisasi dan berdasarkan pengalaman tahun-tahun sebelumnya terdapat beberapa strategi yang tidak bisa dijalankan. Menurut anda untuk mengatasi hal tersebut apa yang harus dilakukan?","Menyusun strategi alternatif berdasarkan risiko-risiko yang mungkin muncul dalam penerapan strategi awal.","Menyusun rencana pelaksanaan strategi secara rinci agar strategi dapat dijalankan","Menyusun rencana pelaksanaan strategi secara rinci beserta resource yang dibutuhkan agar strategi dapat dijalankan","Membentuk tim khusus untuk menjaga agar strategi dapat dijalankan sesuai dengan perencanaan","Membentuk tim khusus untuk menjaga agar strategi berjalan sesuai perencanaan dan efisien dalam penggunaan resources"
"Dalam menyusun suatu strategi operasional rencana TI kita perlu berpedoman pada templat/pola acu yang telah dibuat, mengapa demikian?","Agar strategi operasional rencana TI yang disusun memiliki standar yang sama sehingga dapat diduplikasi untuk unit kerja lain yang memiliki karakteristik yang sama","Menjaga keseragaman strategi operasional rencana TI antar unit kerja dalam suatu organisasi","agar format strategi operasional rencana TI yang disusun oleh seluruh unit kerja seragam serta dapat digunakan oleh unit kerja lain walaupun memiliki perbedaan karakteristik.","memudahkan dalam dokumentasi dan pelaksanaan strategi operasional rencana TI.","Agar strategi operasional rencana TI dapat digunakan oleh seluruh unit walaupun memiliki karakteristik yang berbeda dari unit kerja lainnya."
"Dalam menyusun rencana kegiatan layanan pengelolaan data, termasuk di dalamnya adalah penyusunan anggaran kegiatan. Berikut prinsip-prinsip dalam penyusunan anggaran, Kecuali","Politis","Transparan ","Efisien","Efektiv","Akuntabel"
"Yang paling sesuai menjelaskan pengertian dari penyununan rencana kegiatan layanan adalah","Perencanaan merupakan proses penentuan tujuan kegiatan layanan dan kemudian menyajikan dengan jelas program, tata cara pelaksanaan program dan tindakan yang diperlukan untuk mencapai tujuan secara menyeluruh","Perencanaan merupakan proses penentuan tujuan organisasi dan kemudian menyajikan dengan jelas program, tata cara pelaksanaan program dan tindakan yang diperlukan untuk mencapai tujuan secara menyeluruh","Rencana Pelaksanaan Kegiatan berisi kegiatan atau aktivitas organisasi, sarana, dana, tenaga yang dibutuhkan, jadwal waktu, pembagian tugas dan tanggung jawab para pelaksana. ","Perencanaan merupakan proses penentuan tujuan kegiatan layanan, dan tindakan yang diperlukan untuk mencapai tujuan secara menyeluruh","Rencana Pelaksanaan Kegiatan berisi kegiatan atau aktivitas organisasi, sarana, tenaga yang dibutuhkan, pembagian tugas dan dana. "
"Tujuan menyusun rencana kegiatan layanan pengolahan data yang paling sesuai adalah","Memberikan gambaran yang menyeluruh mengenai kegiatan
pekerjaan "," Mengetahui siapa saja yang tidak terlibat ","Mendapatkan kegiatan yang dinamis termasuk biaya ","Mendeteksi hambatan yang tidak akan ditemui","Mengarahkan pada ketidak tercapainya rencana"
"Saat menyusun rencana kegiatan, diperlukan analisis sistem, langkah pertama yang dilakukan dalam tahap analisis sistem adalah ","Identify","Understand","Analyze","Report","Formulate"
"Ada 4 tahapan dalam melakukan perencanaan, yang paling tepat diantara pilihan berikut adalah…","Menetapkan target atau tujuan, Merumuskan keadaan saat ini, Mengidentifikasi segala kemudahan dan hambatan, Mengembangkan rencana atau serangkaian kegiatan untuk pencapaian tujuan","Menetapkan target atau tujuan, Data apa yang dibutuhkan organisasi, Bagaimana ia akan mendapatkan data, Mengembangkan rencana atau serangkaian kegiatan untuk pencapaian tujuan","Menetapkan target atau tujuan, Data apa yang dibutuhkan organisasi, Bagaimana ia akan mendapatkan data, Bagaimana akan mengelolanya dan memastikan keandalannya dari waktu ke waktu","Data apa yang dibutuhkan organisasi, Bagaimana ia akan mendapatkan data, Bagaimana akan mengelolanya dan memastikan keandalannya dari waktu ke waktu, bagaimana ia akan memanfaatkannya","Data apa yang dibutuhkan organisasi, Bagaimana ia akan mendapatkan data, Menetapkan target atau tujuan, Merumuskan keadaan saat ini"
"pemahaman akan posisi atau keadaan organisasi sekarang ini dari pada tujuan yang hendak dicapai atau sumber daya-sumber daya yang tersedia untuk pencapaian tujuan merupakan hal sangat penting, karena tujuan dan rencana menyangkut waktu yang akan datang. termasuk dalam...","Merumuskan keadaan saat ini","Menetapkan target atau tujuan","Mengidentifikasi segala kemudahan dan hambatan","Mengembangkan rencana atau serangkaian kegiatan untuk pencapaian tujuan","Cara memanfaatkan sumber data"
"Mengetahui faktor-faktor lingkungan intren dan ekstern yang dapat membantu organisasi mencapai tujuannya, atau yang mungkin menimbulkan masalah. Walau pun sulit dilakukan, antisipasi keadaan, masalah, dan kesempatan serta ancaman yang mungkin terjadi di waktu mendatang adalah bagian esensi dari proses perencanaan. termasuk dalam...","Mengidentifikasi segala kemudahan dan hambatan","Menetapkan target atau tujuan","Merumuskan keadaan saat ini","Mengembangkan rencana atau serangkaian kegiatan untuk pencapaian tujuan","Cara memanfaatkan sumber data"
"Kegiatan supervisi memiliki tahapan-tahapan besar, dari pilihan berikut yang paling tepat adalah …","Tahap perencanaan, Tahap pelaksanaan,  Tahap pelaporan dan sekaligus tahap penilaian","Tahap pelaporan dan sekaligus tahap penilaian, Tahap perencanaan, Tahap pelaksanaan","Tahap pelaporan dan sekaligus tahap penilaian, Tahap pelaksanaan, Tahap perencanaan","Tahap documentasi, Tahap menelaah SOP, Tahap melakukan pengawasa dan pemeriksaan"," Tahap menelaah SOP, Tahap documentasi,Tahap melakukan pengawasa dan pemeriksaan"
"Hal ini dianggap sangat penting dalam kegiatan supervisi disamping untuk melihat keberhasilan-keberhasilan yang telah dicapai, juga akan memberikan gambaran bagi kinerja selanjutnya. Dari pilihan berikut manakah yang paling sesuai dengan hal tersebut...","Laporan dan penilaian","Rencana","Pelaksanaan","Tujuan","Manfaat"
"Yang perlu disiapkan sebelum melakukan supervisi adalah …","Surat tugas dan SOP pengelolaan data pada area dimaksud.","Surat tugas dan tiket pesawat.","Surat tugas dan dokumentasi hasil pengawasan dan pemeriksaan.","Surat tugas dan laporan supervisi.","Laporan supervisi dan SOP pengelolaan data pada area dimaksud."
"Apabila supervisi dapat dilakukan dengan baik, akan diperoleh banyak manfaat. Diantaranya adalah …","Supervisi dapat meningkatkan efektifitas kerja.","Supervisi dapat mengurangi staf pengelola data","Supervisi dapat mengurangi kesalahan yang dilakukan oleh pihak ekxternal","Supervisi dapat sedikit mengurangi keharmonisan antara atasan dan bawahan","Supervisi dapat memperburuk suasana kerja"
"Supervisi harus dilakukan dengan frekuensi yang berkala, dalam kondisi terbaik berapa kali supervisi harus dilakukan ...","Jumlahnya tergantung dari derajat kesulitan pekerjaan yang dilakukan.","1 kali ","2 kali ","3 kali ","4 kali"
"Berikut prinsip pokok dalam supervisi yang paling tepat adalah …","Supervisi harus dapat dilaksanakan sedemikan rupa sehingga terjalin kerja sama yang baik antara atasan dan bawahan, terutama pada saat proses penyelesaian masalah, dan untuk lebih mengutamakan kepentingan bawahan.","Sejalan dengan tujuan utama yang ingin dicapai, sifat supervisi harus otoriter.","Supervisi tidak perlu dilakuakan secara teratur atau berkala. Supervisi yang hanya dilakukan sekali adalah supervisi yang baik.","Strategi dan tata cara supervisi yang akan dilakukan tidak perlu sesuai dengan kebutuhan masing-masing bawahan secara individu. Penerapan strategi dan tata cara yang sama untuk semua kategori bawahan, adalah merupakan supervisi yang baik.","Supervisi tidak perlu dilaksanakan secara fleksibel atau selalu disesuaikan dengan perkembangan."
"Berikut syarat atau karasteristik yang harus dimilki oleh pelaksana supervisi (supervisor) yang paling tepat adalah …","Sebaiknya pelaksana supervisi adalah atasan langsung dari yang disupervisi. Atau apabila hal ini tidak mungkin, dapat ditunjuk staf khusus dengan batas-batas wewenang dan tanggung jawab yang jelas","Pelaksana supervisi tidak harus memilki pengetahuan dan keterampilan yang cukup untuk jenis pekerjaan yang akan disupervisi.","Pelaksana supervisi yang memiliki keterampilam melakukan supervisi artinya memahami prinsip-prinsip pokok serta tehnik supervisi merupakan pilihan terakhir untuk memilih supervisor.","Pelaksana supervisi harus memilki sifat otoriter yang mencolok.","Pelaksana supervisi harus mempunyai waktu yang cukup, sabar dan yang tidak perlu berupaya meningkatkan pengetahuan, keterampilan dan perilaku bawahan yang disupervisi."
"Fungsi utama audit internal adalam management check adalah","Mengevaluasi efektivitas kerangka kerja keseluruhan pengendalian internal","Memastikan implementasi bug dapat berjalan dengan baik","Untuk melakukan pemantauan terhadap sistem komputer","Membatasi pembuatan laporan keuangan yang dibutuhkan bagi para stakeholder","Membangun lingkungan kerja yang patuh terhadap kontrol"
"Kegiatan evaluasi pelaksanaan pengelolaan data bertujuan untuk …","melakukan inventaris masalah yang timbul untuk kemudian dicarikan solusi atas masalah tersebut","Menyelidiki proses sebab akibat","Untuk memahami pengaruh sosial dan organisasi terhadap sistem","Untuk memahami pengaruh sosial dan politik di dalam sistem","Untuk memahami bagaimana persepsi pengguna mengenai sistem yang belum dibuat"
"kegunaan dari hasil evaluasi pelaksanaan pengelolaan data yang paling tepat adalah …","Kita dapat mengidentifikasi adanya kemungkinan perbaikan proses bisnis untuk meningkatkan kualitas layanan pengelolaan data","Untuk memahami bagaimana persepsi pengguna mengenai sistem yang belum dibuat","Untuk memahami pengaruh sosial dan organisasi terhadap sistem","Menyelidiki proses sebab akibat","Untuk mengetahui seberapa sering pengguna memakai sitem"
"Berikut orang-orang yang melakukan evaluasi, kecuali …","Tim audit berbayar, yang iambil khusus untuk melakukan evaluasi","Tim audit khusus, yang diambil diantara para eksekutif organisasi yang bersangkutan","Timi audit internal, yang mengerjakan unit operasional","Organisasi/ komsultan di luar organisasi","Peneliti"
"Ada 2 teknik umum dalam evaluasi pelaksanaan pengelolaan data yaitu, metode kuantitatif dan metode kualitatif, berikut yang bukan termasik metode Kuantitatif adalah …","Mengguankan wawancara","Menggunakan statistik untuk membuktikan bahwa suatu variabel dipengaruhi variabel lain.","Menggunkan kuesioner yang diolah secara kuantitatif","Kekutannya terletak pada tes statistik","wawasan sempit dan tajam"
"Metode kualitatif umum digunakan dalam evaluasi pelaksanaan pengolahan data, yang tidak termasuk dalam metode ini adalah …","Menggunkan kuesioner yang diolah secara kuantitatif","Mengguankan wawancara","Tidak harus pakai data statistik","Untuk obyektif dilakukan triangulasi","wawasan komprehensif dan luas"
"Yang paling tepat menyebutkan dokumen-dokumen hasil dari evaluasi pelaksanaan pengelolaan data adalah …","Pendahuluan (Latar belakang, tujuan, cakupan dan periode pelaksanaan evaluasi), Pembahasan/uraian (Analisa proses pengelolaan data yang sedang berjalan; pembahasan evaluasi dan kinerja pengelolaan data yang sedang berjalan), Penutup (Kesimpulan, saran dan rekomendasi perbaikan).","Pendahuluan (Latar belakang, tujuan, cakupan dan periode pelaksanaan evaluasi), Pembahasan/uraian (Analisa proses pengelolaan data yang sedang berjalan; pembahasan evaluasi dan kinerja pengelolaan data yang sedang berjalan), Laporan yang memuat analisis mendalam  untuk memperoleh perincian atau laporan teragregasi.","Analisis biaya manfaat dari alternatif desain suatu sistem informasi pada umumnya  dilakukan  atas dasar suatu kompromi, Pembahasan/uraian (Analisa proses pengelolaan data yang sedang berjalan; pembahasan evaluasi dan kinerja pengelolaan data yang sedang berjalan), Penutup (Kesimpulan, saran dan rekomendasi perbaikan).","Laporan tercetak  di kertas atau di layar terminal, Pendahuluan (Latar belakang, tujuan, cakupan dan periode pelaksanaan evaluasi), Penutup (Kesimpulan, saran dan rekomendasi perbaikan).","Pendahuluan (Latar belakang, tujuan, cakupan dan periode pelaksanaan evaluasi), pembahasan evaluasi dan kinerja pengelolaan data yang sedang berjalan, Laporan yang memuat analisis mendalam  untuk memperoleh perincian atau laporan teragregasi."
"Pelaksanaan reviu terhadap dokumen manajemen risiko penting dilaksanakan. Tujuan reviu tersebut yang paling benar yaitu","Kontrol kesesuaian dan ketepatan keseluruhan proses manajemen risiko sesuai ketentuan atau best practice tertentu agar dapat dilakukan perbaikan untuk pelaksanaan berikutnya","Kontrol kesesuaian dan ketepatan proses penanganan risiko sesuai ketentuan atau best practice tertentu agar dapat dilakukan perbaikan untuk pelaksanaan berikutnya","Proses kajian atau reviu secara sistematis dalam menganalisis dan mengevaluasi terkait dokumen manajemen risiko","Proses untuk memastikan bahwa tahapan identifikasi risiko sudah lengkap dan terarah sesuai dengan best practice yang ada","Proses reviu terhadap strategi penanganan risiko (pencegahan dan perbaikan) baik yang sudah dilakukan maupun yang rencana akan dilakukan sudah sesuai dengan  best practice yang ada"
"Waktu yang tepat untuk melaksanaan reviu terhadap dokumen manajemen risiko yaitu","Setiap periode tertentu dan atau insidental","Setiap tahun sekali","Setiap triwulan atau maksimal setahun sekali","Bisa sewaktu-waktu sesuai kebutuhan","Tidak dapat ditentukan waktu yang tepat"
"BPS melakukan reviu terhadap dokumen manajemen risiko setiap 6 bulan sekali. Bagaimanakah kesesuaian pernyataan tersebut dengan teori manajemen risiko?","Pernyataan tersebut benar, karena reviu bisa dilakukan secara periode maupun insidental","Pernyataan tersebut salah, karena reviu harus dilakukan tiap tahun","Pernyataan tersebut benar, karena reviu bisa dilaksanakan minimal 6 bulan sekali","Pernyataan tersebut salah, karena reviu bisa dilaksanakan sewaktu-waktu","Pernyataan tersebut benar, karena reviu hanya bisa dilakukan setiap periode tertentu "
"Cakupan yang harus diperiksa saat reviu dokumen manajemen risiko yaitu","Keseluruhan proses manajemen risiko dari penentuan kontek atau cakupan risiko sampai pencatatan dan pelaporan risiko","Keseluruhan proses manajemen risiko dari identifikasi risiko sampai dengan pengukuran risiko","Keseluruhan proses manajemen risiko dari identifikasi risiko sampai dengan evaluasi risiko","Keseluruhan proses manajemen risiko dari penanganan risiko sampai dokumentasi risiko","Keseluruhan proses manajemen risiko dari penentuan struktur manajemen risiko sampai penentuan tugas dan tanggungjawab risiko"
"Pernyataan berikut ini yang merupakan kegiatan reviu dokumen manajemen risiko yaitu","Melakukan pengecekan dokumen penilaian risiko apakah sudah sesuai dengan kriteria yang telah ditentukan","Melakukan identifikasi risiko-risiko apa saja baik itu positif maupun negatif terkait suatu kegiatan yang sudah direncanakan","Melakukan penilaian atas risiko yang telah diidentifikasi sebelumnya untuk menentukan besaran dan level risiko","Melakukan pengambilan keputusan mengenai perlu tidaknya dilakukan upaya penanganan risiko lebih lanjut","Melakukan penyusunan rencana untuk menangani risiko agar mencapai selera risiko yang telah ditetapkan"
"Melakukan kajian secara sistematis dalam menganalisis dan mengevaluasi terkait dokumen manajemen risiko untuk memastikan kesesuaian proses-proses manajemen risiko dengan best practice yang ada merupakan suatu proses …","Monitoring dan reviu risiko","Identifikasi risiko","Analisis risiko","Evaluasi risiko","Penanganan risiko"
"Pentingnya kegiatan reviu dokumen dalam suatu kegiatan  manajemen risiko yaitu","Memahami setiap proses dalam manajemen risiko agar dapat mengidentifikasi kekurangan dan memberikan usulan perbaikan pelaksanaan manajemen risiko","Memahami setiap proses dalam manajemen risiko agar seluruh risiko baik positif maupun negatif dapat teridentifikasi","Memahami setiap proses dalam manajemen risiko agar rencana penanganan risiko yang telah disusun dapat dilakukan dengan benar saat risiko tersebut benar-benar terjadi","Memahami setiap proses dalam manajemen risiko agar penilaian risiko yang ditentukan sudah sesuai dengan keadaan yang sebenarnya","Memahami setiap proses dalam manajemen risiko agar seluruh proses tersebut dapat terdokumentasikan dengan baik"
"Proses menentukan peluang terjadinya risiko serta dampak, implikasi, dan konsekuensi yang mungkin timbul sehingga dapat diperkirakan kemungkinan kerugian maksimum dari risiko merupakan proses …","Penilaian risiko","Identifikasi risiko","Analisis risiko","Evaluasi risiko","Penanganan risiko"
"Matrik yang berisikan kombinasi antara level kemungkinan dan level dampak yang digunakan untuk menetapkan besaran risiko yaitu","Matrik analisis risiko","Matrik identifikasi risiko","Matrik selera risiko","Matrik kriteria risiko","Matrik kemungkinan dan dampak risiko"
"Pengertian selera risiko / risk appetite yang tepat yaitu","Nilai ambang batas minimal terhadap besaran risiko yang harus ditangani baik itu risiko positif maupun negatif","Nilai ambang batas maksimal terhadap besaran risiko yang harus ditangani baik itu risiko positif maupun negatif","Nilai ambang batas maksimal terhadap besaran risiko yang harus ditangani hanya untuk risiko negatif","Nilai ambang batas maksimal terhadap besaran risiko yang harus ditangani hanya untuk risiko positif ","Nilai ambang batas minimal terhadap besaran risiko yang harus ditangani hanya untuk risiko negatif"
"Angka-angka yang terdapat pada matrik analisis risiko diperoleh dari","Hasil perkalian antara level kemungkinan dengan level dampak, atau angka urut dari 1 sampai maksimal dimensi kemungkinan dan dampak","Hasil perkalian antara level kemungkinan dengan level dampak","Angka urut dari 1 sampai maksimal dimensi kemungkinan dan dampak","Angka acak yang diperoleh dari 1 sampai maksimal dimensi kemungkinan dan dampak","Angka yang telah ditetapkan oleh tim manajemen risiko"
"Suatu risiko A memiliki besaran risiko 16, sedangkan selera risiko yang ditetapkan sebesar 18, maka risiko tersebut …","Bisa diabaikan dan tidak perlu ada penanganan risiko","Perlu penanganan risiko namun hanya sedikit tindakan saja","Bisa diabaikan atau bisa juga perlu ada tindakan penanganan","Semua risiko perlu tindakan penanganan","Bisa dimitigasi agar risiko tersebut tidak terlalu besar dampaknya "
"Jumlah kriteria untuk level kemungkinan dan dampak yang tepat yaitu","Sejumlah yang telah ditetapkan oleh tim manajemen risiko","Harus berjumlah ganjil","Harus berjumlah genap","5 (lima) kriteria","3 (tiga) kriteria"
"Pernyataan berikut ini yang tepat tentang pengukuran risiko yaitu","Penentuan besarnya level kemungkinan dan dampak berdasarkan kriteria yang telah ditentukan","Penentuan besarnya selera risiko terhadap seluruh level risiko","Penentuan besarnya level kemungkinan risiko berdasarkan kriteria kemungkinan risiko yang telah ditentukan","Penentuan besarnya level dampak risiko berdasarkan kriteria dampak risiko yang telah ditentukan","Penentuan besaran risiko dan level risiko yang dibandingkan dengan selera risiko yang telah ditetapkan"
"Kegiatan penyusunan langkah-langkah yang baku dalam menangani atau melakukan mitigasi suatu risiko berdasarkan dokumen strategi penanganan risiko yang telah disusun merupakan kegiatan …","Membuat prosedur penanganan risiko","Membuat tata kelola risiko","Membuat dokumen identifikasi risiko","Menyusun dokumen penanganan risiko","Menyusun dokumen analisis risiko"
"Kegiatan penyusunan beberapa solusi secara teknis yang mungkin untuk dilakukan dalam menangani suatu risiko berdasarkan dokumen strategi penanganan risiko yang telah disusun merupakan kegiatan …","Menyusun solusi teknis penanganan risiko","Membuat prosedur penanganan risiko","Membuat tata kelola risiko","Menyusun dokumen penanganan risiko","Menyusun dokumen analisis risiko"
"Kaitan antara dokumen penanganan risiko dengan dokumen prosedur penanganan risiko yaitu","Dokumen prosedur penanganan risiko menjelaskan langkah-langkah yang perlu dilakukan untuk menangani risiko yang terjadi","Dokumen prosedur penanganan risiko sebenarnya sama dengan dengan dokumen penanganan risiko","Tidak ada kaitan secara langsung antara dokumen penanganan risiko dengan dokumen prosedur penanganan risiko","Dokumen penanganan risiko merupakan pelengkap untuk dokumen prosedur penanganan risiko","Dokumen prosedur penanganan risiko tidak diperlukan karena semua hal telah dijelaskan di dokumen penanganan risiko"
"Kaitan antara dokumen solusi teknis dengan dokumen penanganan risiko yaitu","Dokumen solusi teknis menjelaskan tentang solusi yang diperlukan secara teknis untuk menghindari risiko maupun mengurangi dampak yang timbul dengan adanya risiko tersebut","Dokumen solusi teknis digunakan untuk menghilangkan semua risiko yang ada baik risiko ppositif maupun risiko negatif","Tidak ada kaitan secara langsung antara dokumen penanganan risiko dengan dokumen solusi teknis penanganan risiko","Dokumen penanganan risiko merupakan pelengkap untuk dokumen solusi teknis penanganan risiko","Dokumen solusi teknis penanganan risiko tidak diperlukan karena semua hal telah dijelaskan di dokumen penanganan risiko"
"Salah satu risiko yang dihadapi unit TI yaitu serangan virus. Oleh karena itu disusun daftar solusi yang bisa dilakukan untuk menangani risiko tersebut, diantaranya dengan memasang antivirus, melakukan backup berkala, dsb. Kegiatan tersebut termasuk dalam kegiatan menyusun ...","Dokumen solusi teknis penanganan risiko","Dokumen penanganan risiko","Dokumen prosedur penanganan risiko","Dokumen analisis risiko","Dokumen identifikasi risiko"
"Salah satu penanganan terhadap risiko data yang hilang yaitu dengan melakukan backup data berkala. Oleh karena itu disusun langkah-langkah yang harus dilakukan untuk melakukan backup data setiap jenis DBMS yang ada. Kegiatan tersebut termasuk dalam kegiatan menyusun ...","Dokumen prosedur penanganan risiko","Dokumen penanganan risiko","Dokumen solusi teknis penanganan risiko","Dokumen analisis risiko","Dokumen identifikasi risiko"
"Pernyataan berikut ini yang tidak tepat tentang risiko yaitu","Risiko hanya berupa hal negatif yang dapat menghambat suatu pekerjaan","Risiko terdiri dari risiko positif dan negatif","Kemungkinan terjadinya suatu peristiwa yang berdampak negatif terhadap pencapaian tujuan","Peristiwa yang dapat menghambat suatu pekerjaan dan memiliki dampak yang nyata","Dapat juga berupa potensi yang dapat dimanfaatkan untuk peningkatan suatu kegiatan"
"Yang menjadi pendorong utama aktivitas keamanan data adalah","pengurangan risiko dan pertumbuhan bisnis","peningkatan merek","kerugian instansi","perubahan infrastruktur","kesalahan di masa lalu"
"Kebutuhan kemanaan data berasal dari beberapa sumber. Non-disclosure agreement merupakan contoh kebutuhan keamanan data yang berasal dari","kewajiban kontrak","pemangku kepentingan","peraturan pemerintah","urusan kepemilikan bisnis","kebutuhan akses yang sah"
"Kebutuhan dan prosedur keamanan data dikategorikan ke dalam empat grup yang sering disebut dengan empat A.
1. Access,
2. Audit,
3. Authentication, dan
4. Authorization.
Selain empat A tersebut terdapat satu E yang ditujukan agar kepatuhan terhadap regulasi keamanan data dapat berjalan efektif. Satu E tersebut adalah","entitlement","efficient","empowerment","encouragement","engagement"
"Aktivitas kemanan data dapat dikelompokkan ke dalam tahapan planning (P), control (C), development (D), dan operations (O). Yang termasuk aktivitas planning (P) adalah","mengidentifikasi kebutuhan keamanan data yang relevan","mendefinisikan kebijakan keamanan data","mendefinisikan standar keamanan data","melaksanakan kontrol dan prosedur","mendokumentasikan pelaksanaan"
"Aktivitas kemanan data dapat dikelompokkan ke dalam tahapan planning (P), control (C), development (D), dan operations (O). Menyusun standar keamanan data termasuk dalam kelompok ...","development","control","planning","operations","tidak termasuk dalam kelompok manapun"
"Berikut ini merupakan input yang dibutuhkan dalam aktivitas keamanan data","1. tujuan dan strategi bisnis
2. aturan dan proses bisnis
3. kebutuhan peraturan
4. standar srsitektur instansi
5. model data instansi","1. tujuan dan strategi bisnis
2. aturan dan proses bisnis
3. kebutuhan peraturan
4. arsitektur keamanan data","1. tujuan dan strategi bisnis
2. aturan dan proses bisnis
3. kebutuhan peraturan
4. model data instansi
5. kebijakan keamanan data","1. tujuan dan strategi bisnis
2. aturan dan proses bisnis
3. kebutuhan peraturan
4. arsitektur keamanan data
5. kebijakan keamanan data","1. tujuan dan strategi bisnis
2. aturan dan proses bisnis
3. arsitektur keamanan data
4. kebijakan keamanan data
5. kontrol akses keamanan data"
"Klasifikasi keamanan elemen data merupakan bagian penting dari definisi data adalah penjelasan dari prinsip keamanan data:","berbasis metadata","akuntabilitas yang jelas","mengurangi risiko dengan mengurangi eksposur","kolaborasi","pendekatan instansi"
"Aktivitas kemanan data dapat dikelompokkan ke dalam tahapan planning (P), control (C), development (D), dan operations (O). Mengimplementasikan kontrol dan prosedur keamanan data termasuk dalam kelompok ...","operations","planning","development","control","tidak termasuk dalam kelompok manapun"
"Aktivitas kemanan data dapat dikelompokkan ke dalam tahapan planning (P), control (C), development (D), dan operations (O). Yang termasuk aktivitas operations (O) adalah","mengimplementasikan kontrol dan prosedur","mengidentifikasi kebutuhan keamanan data yang relevan","mendefinisikan standar keamanan data","menyusun kebijakan keamanan data","mendokumentasikan pelaksanaan"
"Di dalam keamanan data terdapat teknik yang disebut dengan document sanitization. Document sanitization adalah","proses cleaning metadata","proses enkripsi dokumen","proses cleaning data","anonimisasi","pemusnahan dokumen"
"Proses menerjemahkan teks biasa menjadi kode kompleks untuk menyembunyikan informasi istimewa, memverifikasi transmisi lengkap, atau memverifikasi identitas pengirim dalam keamanan data disebut","enkripsi","dekripsi","modifikasi","anonimisasi","injeksi"
"Yang tidak termasuk metode enkripsi adalah","masking","hash","symmetric","private-key","public-key"
"Jenis masking yang mengubah data secara permanen dan dilakukan ketika data tersebut berpindah dari lingkungan sumber (biasanya production) ke lingkungan tujuan (biasanya non-production) adalah","in-flight persistent masking","in-place persistent masking","in-flight dynamic masking","in-place dynamic masking","in-line dynamic masking"
"Menukar elemen data dengan tipe yang sama dalam sebuah record, atau menukar elemen data dari satu atribut antarbaris misalnya dengan menukar nama instansi dengan nama instansi lain merupakan metode masking yang disebut","shuffling","substitution","temporal variance","value variance","nulling atau deleting"
"Cocokkan pernyataan berikut ini:
1. Model data relasional 
2. Model jaringan 
3. Model hierarki 
(a) Merupakan database sebagai kumpulan tabel
(b) Mewakili data sebagai struktur pohon
(c) Mewakili data sebagai jenis catatan (record)
","1-a, 2-c, 3-b","1-c, 2-a, 3-b ","1-b, 2-c, 3-a","1-b, 2-a, 3-c ","1-a, 2-b, 3-c"
"Cocokkan pernyataan berikut ini:
1. DDL 
2. SDL 
3. VDL 
4. DML 
(a) Memanipulasi basis data
(b) Menentukan tampilan pengguna dan pemetaannya
(c) Menentukan skema internal
(d) Menentukan skema konseptual dan internal atau skema konseptual saja
","1-d, 2-c, 3-b, 4-a","1-a, 2-c, 3-d, 4-b","1-b, 2-d, 3-a, 4-c","1-c, 2-d, 3-a, 4-b","1-a, 2-b, 3-c, 4-d"
"Kemandirian data (Data independence) memungkinkan untuk
(i) tidak ada perubahan dalam program aplikasi
(ii) perubahan database tanpa mempengaruhi program aplikasi
(iii) perangkat keras yang akan diubah tanpa mempengaruhi program aplikasi
(iv) perangkat lunak sistem diubah tanpa mempengaruhi program aplikasi"," (ii), (iii), (iv) ","(i), (ii) ","(ii), (iii)","(i), (ii), (iv)","(i) saja"
"Yang  dimaksud dengan integritas data adalah","mempertahankan nilai data yang konsisten ","nilai data terintegrasi","melarang akses yang tidak benar ke dalam data ","tidak membocorkan nilai data","menggabungkan nilai data"
"Bagian dari model data logis yang diakses oleh pemrogram disebut ","model data eksternal","model data konseptual","model data internal ","model data relasi entitas","penyimpanan data fisik"
"Ketika model logis dipetakan ke dalam penyimpanan fisik seperti penyimpanan disk, model data yang dihasilkan dikenal sebagai","model data internal ","model data konseptual ","model data eksternal","model data disk","Model data object"
"Tanggung jawab administrator database meliputi
(i) pemeliharaan kamus data
(ii) memastikan keamanan database
(iii) memastikan privasi dan integritas data
(iv) membuat model ER
","(i), (ii), (iii)","(i), (ii)","(i), (ii), (iii)"," (ii), (iii), (iv)","(i) saja"
"Urutan yang diikuti dalam mendesain DBMS adalah","model konseptual, model logis, model fisik","model fisik model, konseptual, model logis","model konseptual, model logis, model fisik","model konseptual, model fisik, model logis","model fisik, model logis, model konseptual"
"Manakah dari berikut ini yang benar?","Skema database ditentukan selama desain database","Skema database sering berubah, tetapi status database tidak berubah","Skema database sering berubah","Skema database lebih sering berubah daripada status database","Skema database selalu tetap"
"DBMS yang mendukung database yang terletak di beberapa situs disebut DBMS...","terdistribusi","multi-user","terpusat","single-user","jaringan"
"Cocokkan pernyataan berikut ini:
1. View level  group
2. Conceptual level for community of users
3. Internal level
(a) Menjelaskan bagian dari database untuk pengguna tertentu
(b) Menjelaskan struktur database secara keseluruhan
(c) Menjelaskan bagian dari database untuk kelompok pengguna tertentu","1-c, 2-b, 3-a","1-b, 2-c, 3-a","1-b, 2-a, 3-c","1-a, 2-c, 3-b","1-a, 2-b, 3-c"
"Beberapa implementasi DBMS terdistribusi mendukung beberapa platform, sistem operasi, dan jaringan, dan mengizinkan ....","akses jarak jauh dengan hanya read-only","akses jarak jauh dengan hak menulis (write)","jumlah database berbeda yang tidak terbatas yang dapat diakses","akses ke model database apa pun","akses jarak jauh dengan hak membaca dan menulis (read and write)"
"Berikut ini manakah yang merupakan komponen perangkat lunak yang berada di setiap komputer yang menyimpan dan mengambil data yang ada di situs?","Data processor","Transaction processor","Network processor","Information processor","Memory processor"
"Dari pemartisian berikut ini, manakah yang mendistribusikan kolom tabel menjadi beberapa catatan fisik terpisah?","Vertical","Horizontal","Final","Crossways","Crossover"
"Manakah dari sistem database terdistribusi berikut yang hanya mengintegrasikan satu jenis DBMS terpusat melalui jaringan?","Homogeneous","Heterogeneous","Fully heterogeneous","Combination","Terdistribusi"
"Mendistribusikan baris data menjadi file terpisah disebut","horizontal partitioning","vertical partitioning","file allocation","normalization","random parizioning"
"Komponen perangkat lunak yang biasanya diperlukan untuk membangun database terdistribusi adalah
(i) Data processor 
(ii) User processor
(iii) Network transparency 
(iv) DDB
(v) Operating system support
Manakah dari pernyataan di atas yang benar?","(i), (ii), (iv)","(i), (ii), (iii)","(ii), (v)","(iv), (v)","(i), (ii)"
"Dalam _______________ sistem penguncian global diperlukan.","Shared disk architecture","Shared memory architecture","Shared nothing architecture","Shared memory architecture dan Shared disk architecture","semua arsitektur"
"Dalam arsitektur shared nothing, setiap CPU memiliki salinan sendiri dari","DBMS","Porsi data yang dikelola oleh DBMS","Sistem operasi","Semua","Tidak semua"
"Sistem manajemen basis data terdistribusi penuh tidak perlu","tunduk pada kompleksitas manajemen","melakukan semua fungsi DBMS terpusat","menjalankan fungsi tambahannya secara transparan kepada pengguna akhir","menjalankan fungsi tambahan pada DBMS terpusat","menangani semua fungsi penting yang diberlakukan oleh distribusi data dan pemrosesan"
"Yang bukan merupakan tujuan perlu  dilakukan pengukuran kinerja TI adalah  ","Terbentuknya arsitektur teknologi dan aplikasi yang menjadi target organisasi ( Target Architecture)","Mengetahui sejauh mana pemanfaatan investasi TI dalam mendukung kebutuhan organisasi","Agar pimpinan bisa mengetahui seberapa baik TI bisa berkontribusi pada kelangsungan bisnis organisasi","Dapat menjadi dasar perencanaan program atau proyek  TI ","Dasar pengadaan atau investasi TI"
"Melakukan pengukuran kinerja TI merupakan kegiatan membandingkan hasil kinerja TI secara aktual terhadap...","Key Performance Indicator (KPI) yang telah ditetapkan ","Hasil evaluasi dan koordinasi seluruh pemangku kepentingan di unit TI","Kapabilitas fungsi TI","Proses bisnis yang didukung oleh kinerja TI terkait",""
"Yang bukan merupakan sasaran penilaian performa TI adalah ","Arsitektur target aplikasi dan infrastruktur TI","Efisiensi penggunaan sumber daya dalam mendukung operasional layanan TI","Efektivitas setiap proses dan atau aktivitas dalam layanan TI","Kualitas layanan TI","Optimalisasi proses "
"Dalam mengukur performa TI, pengukuran tingkat ketercapaian tujuan dan sasaran strategis TI dan organisasi dapat diimplementasikan secara optimal dan mencapai hasil yang maksimal jika unit TI sudah menentukan hal berikut","Indikator dan ukuran kinerja yang jelas","Sumber daya yang terlibat dalam aktivitas pengukuran ","Framework atau kerangka kerja pengukuran ","Rencana evaluasi hasil pengukuran ","Daftar teknologi yang akan digunakan "
"Yang bukan termasuk tahapan kegiatan pengukuran performa TI adalah ","Audit TI","Analisa Data","Pengumpulan Data","Pengolahan data TI","Evaluasi hasil pengukuran "
"Mengetahui hasil kinerja IT berdasarkan cara pandang user menilai merupakan salah satu cara untuk mengukur performa TI berdasarkan IT Balanced Scorecard menurut perspective....","customer orientation","Coorporate contribution","operational exellence","Future Orientation ","Financial Contribution"
"Salah satu tujuan dari kegiatan pengukuran kinerja TI adalah melakukan penilaian terhadap kinerja TI. Hal berikut adalah bukan termasuk tujuan dilakukannya penilaian terhadap kinerja TI","Mendefinisikan proyek-proyek dan program TI serta cakupannya ","Meningkatkan visibilitas pada hasil yang akan diperoleh dari rencana TI yang sudah disusun ","Memperlihatkan korelasi yang jelas antara strategi institusi ","Memperlihatkan pengukuran secara kuantitatif terhadap rencana pengeluaran institusi ","Memperlihatkan dampak dan hubungan operasional TI terhadap anggaran atau keuangan institusi "
"Pengukuran performa TI dilakukan agar investasi TI yang sudah dilakukan dapat pertanggungjawabkan. Hal ini disebut juga dengan perspektive...","Akuntabilitas","Fleksibilitas ","Legalitas","Prioritas","aktivitas"
"Model yang digunakan untuk mengumpulkan kebutuhan pelanggan
terhadap perangkat lunak yang akan dibuat, dan merupakan program
yang belum jadi adalah model ... .","Prototipe","Internal","External","Jadi","Definitif"
"Suatu kumpulan pekerjaan yang saling terkait untuk menyelesaikan
suatu masalah tertentu disebut ... .","Bisnis Proses","Functional Requirement","Non Functional Requirement","Use Case","UML"
"Diagram tulang ikan yang berisikan sebab dan akibat dari sistem yang lama disebut ... .","diagram ishikawa","diagram pieces","diagram UML","diagram ERD","diagram relational"
"Seseorang ingin mengetahui sistem informasi yang dibuat harus sesuai dengan user yang menggunakannya. Untuk membantu menggambarkan hal tersebut, seseorang harus membuat ... .","use case diagram","data flow diagram","fishbone diagram","ishikawa diagram","sample diagram"
"Seseorang ingin mengetahui permasalahan-permasalahan yang terjadi pada sistem lama beserta penyebabnya, tools yang dapat digunakan untuk menggambarkan hal tersebut adalah ... .","diagram ishikawa","diagram pieces","diagram UML","diagram ERD","diagram relational"
"Seseorang ingin mengetahui jalannya suatu proses bisnis didalam sistem aplikasi, dari data yang berasal pada konsumen hingga tersimpan pada media database. Tools yang dapat digunakan untuk menggambarkan hal tersebut adalah ... .","data flow diagram","diagram ishikawa","diagram pieces","diagram UML","diagram ERD"
"Model yang digunakan dengan pendekatan alur secara sequential yang
dimulai dari Analisa, desain, pengkodean hingga pengujian adalah
model ... .","Waterfall","Agile","RnD","Prototipe","Network"
"Salah satu aplikasi dari apache yang dapat dimanfaatkan sebagai unit testing adalah ... .","Junit","Jmeter","Spark","Hadoop","Kafka"
"Salah satu pengujian yang menitikberatkan pada input,output serta memperhatikan proses didalamnya disebut ... .","white box testing","red testing","alpha testing","integration testing","black box testing"
"Pengujian perfomance aplikasi yang telah dapat dijalankan merupakah salah satu bentuk requirement ... .","non fungsional requirement","fungsional requirement","adaktif requirement","special requirement","non spesial requirement"
"Salah satu aplikasi dari apache yang dapat dimanfaatkan sebagai performance testing adalah ... .","Jmeter","Spark","Hadoop","Kafka","Junit"
"Salah satu pengujian yang menitikberatkan pada input dan output tanpa memperhatikan proses didalamnya disebut ... .","black box testing","white box testing","red testing","alpha testing","integration testing"
"Salah satu metode pengujian dimana menguji hanya pada salah satu fungsi yang sudah sesuai dengan input dan outputnya disebut ... .","unit testing","beta testing","performance testing","integration testing","acceptance testing"
"Berikut terdapat beberapa bukti fisik:
1. Nama dan deskripsi kegiatan
2. Langkah-langkah pengujian validasi terhadap hasil analisis kebutuhan
informasi
3. Hasil Pengujian yang sudah dilakukan
4. Kriteria validitas kebutuhan informasi
5. Hasil evaluasi dan dokumentasi terhadap hasil pengujian prosedur validasi
kebutuhan informasi
Hal yang termasuk ke dalam bukti penyusunan prosedur pengujian validasi kebutuhan informasi adalah ... .","1, 2, dan 4","1, 2 dan 5","2, 3 dan 4","2, 3 dan 5","3, 4 dan 5"